scientificName,kingdom
Adelolecia kolaensis (Nyl.) Hertel & Rambold,Fungi
Adelolecia pilati (Hepp) Hertel & Hafellner,Fungi
Alectoria ochroleuca (Hoffm.) A. Massal.,Fungi
Alectoria mirabilis Mot.,Fungi
Alectoria sarmentosa (Ach.) Ach.,Fungi
Allantoparmelia alpicola (Th. Fr.) Essl,Fungi
Allocetraria madreporiformis (Anzi) Kärnefelt & A. Thell,Fungi
Allocetraria oakesiana Tuck.,Fungi
Arctoparmelia centrifuga (L.) Hale,Fungi
Arctoparmelia incurva (Pers.) Hale,Fungi
Arthrosporum populorum A. Massal.,Fungi
Bacidia absistens (Nyl.) Arnold,Fungi
"Bacidia albogranulosa Malíček, Palice, Vondrák & Kukwa",Fungi
Bacidia arceutina (Ach.) Arnold,Fungi
Bacidia arnoldiana Körb.,Fungi
Bacidia assulata (Körb.) Vězda,Fungi
Bacidia auerswaldii (Hepp ex Stizenb.) Mig.,Fungi
Bacidia bagliettoana (A. Massal. & De Not.) Jatta,Fungi
Bacidia beckhausii Körb.,Fungi
Bacidia circumspecta (Norrl. & Nyl.) Malme,Fungi
Bacidia delicata (Larbal. ex Leight.) Coppins,Fungi
Bacidia egenula (Nyl.) Arnold ,Fungi
Bacidia fraxinea Lönnr.,Fungi
Bacidia friesiana (Hepp) Körb.,Fungi
Bacidia igniarii (Nyl.) Oxner ,Fungi
Bacidia incompta (Borrer ex Hook.) Anzi,Fungi
Bacidia inundata (Fr.) Körb.,Fungi
Bacidia laurocerasi (Delise ex Duby) Zahlbr.,Fungi
Bacidia phacodes Körb. ,Fungi
Bacidia polychroa (Th. Fr.) Körb.,Fungi
Bacidia pycnidiata Czarnota & Coppins,Fungi
Bacidia rosella (Pers.) De Not.,Fungi
Bacidia rubella (Hoffm.) A. Massal.,Fungi
Bacidia subacerina (Nyl.) Vainio,Fungi
Bacidia subincompta (Nyl.) Arnold,Fungi
Bacidia trachona (Ach.) Lettau,Fungi
Bacidia viridofarinosa Coppins & P. James,Fungi
Bacidina adastra (Sparrius & Aptroot) M. Hauck & V. Wirth,Fungi
Bacidina chloroticula (Nyl.) Vězda & Poelt,Fungi
Bacidina etayana (van den Boom & Vězda) M. Hauck & V. Wirth,Fungi
Bacidina mendax Czarnota & Guz.-Krzem.,Fungi
Bacidina sulphurella (Samp.) Hauck & V. Wirth,Fungi
"Bibbya vermifera (Nyl.) Kistenich, Timdal, Bendiksby & S. Ekman",Fungi
Bilimbia coprodes Körb.,Fungi
Bilimbia lobulata (Sommerf.) Hafellner et Coppins,Fungi
Bilimbia pulchra (Oxner) Oxner,Fungi
Bilimbia sabuletorum (Schreb.) Arnold,Fungi
Brianaria bauschiana (Körb.) S. Ekman & M. Svenss.,Fungi
Brianaria sylvicola (Flot. ex Körb.) S. Ekman & M. Svensson,Fungi
Bryodina rhypariza (Nyl.) Hafellner ,Fungi
Bryopogon negativus Gyeln.,Fungi
Bryoria bicolor (Ehrh.) Brodo & D. Hawksw.,Fungi
Bryoria capillaris (Ach.) Brodo & D. Hawksw.,Fungi
Bryoria carpatica (Motyka) Golubk.,Fungi
Bryoria chalybeiformis (L.) Brodo & D. Hawksw.,Fungi
Bryoria divergenscens (Nyl.) Brodo & D. Hawksw.,Fungi
Bryoria furcellata (Fr.) Brodo & D. Hawksw.,Fungi
Bryoria fuscescens (Gyeln.) Brodo & D. Hawksw.,Fungi
Bryoria implexa (Hoffm.) Brodo & D. Hawksw.,Fungi
Bryoria intricans (Vainio) Brodo & D. Hawksw.,Fungi
Bryoria jubata (L.) Bystrek.,Fungi
Bryoria kummerlaena (Gyeln.) Brodo & D. Hawksw.,Fungi
Bryoria lanestris (Ach.) Brodo & D. Hawksw.,Fungi
Bryoria nadvornikiana (Gyeln.) Brodo & D. Hawksw.,Fungi
Bryoria nitidula (Th. Fr.) Brodo & D. Hawksw.,Fungi
Bryoria osteola (Gyeln.) Brodo & D. Hawksw.,Fungi
Bryoria positiva (Gyelnik) Bystrek,Fungi
Bryoria pseudocyphellata Bystrek,Fungi
Bryoria setacea (Ach.) Brodo & D. Hawksw.,Fungi
Bryoria smithii (Du Rietz) Brodo & D. Hawksw.,Fungi
Bryoria subcana (Nyl. ex Stizenb.) Brodo & D. Hawksw.,Fungi
Bryoria tortuosa (G. Merr.) Brodo & D. Hawksw.,Fungi
Bryoria vrangiana (Gyeln.) Brodo & D. Hawksw.,Fungi
Byssoloma subdiscordans (Nyl.) P. James,Fungi
Byssoloma tricholomum (Mont.) Zahlbr.,Fungi
Calvitimela algaea (Sommerf.) Hafellner,Fungi
Calvitimela armeniaca (DC.) Hafellner,Fungi
Carbonea aggregantula (Mull. Arg.) Diederich & Triebel,Fungi
Carbonea assimilis (Körber) Hafellner & Hertel,Fungi
Carbonea invadens (H. Magn.) M.P. Andreev,Fungi
Carbonea supersparsa (Nyl.) Hertel,Fungi
Carbonea vitellinaria (Nyl.) Hertel ,Fungi
Carbonea vorticosa (Flörke) Hertel,Fungi
Carbonicola anthracophila (Nyl.) Bendiksby & Timdal,Fungi
Catillaria atomarioides (Müll. Arg.) H. Kilias,Fungi
Catillaria chalybaea (Borrer) A. Massal.,Fungi
Catillaria detractula (Nyl.) H. Olivier,Fungi
Catillaria erysiboides (Nyl.) Th. Fr.,Fungi
Catillaria lenticularis (Ach.) Th. Fr.,Fungi
Catillaria minuta (Schaer.) Lettau ,Fungi
Catillaria nigroclavata (Nyl.) Schuler,Fungi
Catillaria picila (A. Massal.) Coppins ,Fungi
Catillaria subviridis (Nyl.) Zahlbr.,Fungi
Catinaria atropurpurea (Schaer.) Vězda & Poelt,Fungi
Cetraria aculeata (Schreb.) Fr.,Fungi
Cetraria ericetorum Opiz,Fungi
Cetraria islandica (L.) Ach.,Fungi
Cetraria muricata (Ach.) Eckfeldt,Fungi
Cetraria ramulosa (Hook. f.) Tuck.,Fungi
Cetraria steppae (Savicz) Kärnef.,Fungi
Cetrelia cetrarioides (Del. ex Duby) W.L. Culb. & C. Culb.,Fungi
Cetrelia chicitae (W.L. Culb.) W.L. Culb. & C.F. Culb.,Fungi
Cetrelia monachorum (Zahlbr.) W.L. Culb. & C. Culb.,Fungi
Cetrelia olivetorum (Nyl.) W.L. Culb. & C. Culb. ,Fungi
Cladonia arbuscula (Wallr.) Hale et W. L. Culb. ,Fungi
Cladonia bacillaris Nyl. ,Fungi
Cladonia bacilliformis (Nyl.) Sarnth.,Fungi
Cladonia bellidiflora (Ach.) Schaer.,Fungi
Cladonia botrytes (Hagen) Willd. ,Fungi
Cladonia caespiticia (Pers.) Flörke ,Fungi
Cladonia capitellata (Hook. f. et Taylor) C. Bab.,Fungi
Cladonia cariosa (Ach.) Spreng.,Fungi
Cladonia carneola (Fr.) Fr.,Fungi
Cladonia cenotea (Ach.) Schaer.,Fungi
Cladonia cervicornis (Ach.) Flot,Fungi
Cladonia chlorophaea (Flörke ex Sommerf.) Spreng.,Fungi
Cladonia ciliata Stirt.,Fungi
Cladonia coccifera (L.) Willd.,Fungi
Cladonia coniocraea (Flörke) Vainio ,Fungi
Cladonia convoluta (Lam.) Cout.,Fungi
Cladonia cornuta (L.) Hoffm.,Fungi
Cladonia crispata (Ach.) Flot. ,Fungi
Cladonia cyanipes (Sommerf.) Nyl. ,Fungi
Cladonia deformis (L.) Hoffm.,Fungi
Cladonia digitata (L.) Hoffm.,Fungi
Cladonia diversa Asperges ex S. Stenroos,Fungi
Cladonia ecmocyna Leight.,Fungi
Cladonia fimbriata (L.) Fr.,Fungi
Cladonia floerkeana (Fr.) Flörke subsp. floerkeana (Fr.) V. Wirth ,Fungi
Cladonia foliacea (Huds.) Willd.,Fungi
Cladonia furcata (Huds.) Schrad. ,Fungi
Cladonia glauca Flörke,Fungi
Cladonia gracilis (L.) Willd.,Fungi
Cladonia grayi G. Merr. ex Sandst.,Fungi
Cladonia hungarica (Arnold) Vainio,Fungi
Cladonia incrassata Flörke,Fungi
Cladonia macilenta Hoffm.,Fungi
Cladonia macroceras (Delise) Hav.,Fungi
Cladonia macrophylla (Schaer.) Stenh.,Fungi
Cladonia macrophyllodes Nyl.,Fungi
Cladonia magyarica Vain. ex Gyeln.,Fungi
Cladonia mitis Sandst.,Fungi
"Cladonia monomorpha Aptroot, Sipman et van Herk",Fungi
Cladonia norvegica Tønsberg et Holien,Fungi
Cladonia ochrochlora Flörke,Fungi
Cladonia parasitica (Hoffm.) Hoffm.,Fungi
Cladonia peziziformis (With.) J. R. Laundon,Fungi
Cladonia phyllophora Hoffm.,Fungi
Cladonia pleurota (Flörke) Schaer.,Fungi
Cladonia pocillum (Ach.) O. J. Rich.,Fungi
Cladonia polydactyla (Flörke) Spreng.,Fungi
Cladnia portentosa (Dufour) Follm.,Fungi
Cladonia pyxidata (L.) Hoffm.,Fungi
Cladonia ramulosa (With.) J. R. Laundon ,Fungi
Cladonia rangiferina (L.) F. Weber ex F. H. Wigg.,Fungi
Cladonia rangiformis Hoffm.,Fungi
Cladonia rei Schaer.,Fungi
Cladonia scabriuscula (Delise) Leight.,Fungi
Cladonia squamosa (Scop.) Hoffm. ,Fungi
Cladonia stellaris (Opiz) Brodo,Fungi
Cladonia strepsilis (Ach.) Vain.,Fungi
Cladonia stricta (Nyl.) Nyl.,Fungi
Cladonia stygia (Fr.) Ahti ,Fungi
Cladonia subcariosa Nyl. em. Vainio,Fungi
Cladonia subulata (L.) F. Weber ex F. H. Wigg.,Fungi
Cladonia sulphurina (Michx.) Fr.,Fungi
Cladonia turgida Ehrh. ex Hoffm.,Fungi
Cladonia uncialis (L.) F. Weber ex F. H. Wigg. ,Fungi
Cliostomum corrugatum (Ach.) Fr.,Fungi
Cliostomum griffithii (Sm.) Coppins,Fungi
Coelocaulon divergens (Ach.) R. Howe,Fungi
Cornicularia normoerica (Gunn.) Du Rietz,Fungi
Dolichousnea longissima (Ach.) Articus,Fungi
Evernia divaricata (L.) Ach.,Fungi
Evernia elenkiniana Zalbr.,Fungi
Evernia mesomorpha Nyl.,Fungi
Evernia prunastri (L.) Ach.,Fungi
Evernia terrestris (Tomin) Golubk.,Fungi
Fellhanera bouteillei (Desm.) Vězda,Fungi
"Fellhanera gyrophorica Sérus., Coppins, Diederich et Schneid.",Fungi
Fellhanera subtilis (Vězda) Diederich et Sérus.,Fungi
Flavocetraria cucullata (Bellardi) Kärnefelt et Thell,Fungi
Flavocetraria nivalis (L.) Ach.,Fungi
Flavoparmelia caperata (L.) Hale,Fungi
Flavopunctelia flaventior (Stirt.) Hale,Fungi
Frutidella caesioatra (Schaer.) Kalb.,Fungi
Frutidella furfuracea (Anzi) M. Westb. et M. Svenss.,Fungi
Frutidella pullata (Norman) Schmull ,Fungi
"Glaucomaria bicincta (Ramond) S. Y. Kondr., L. Lőkös et Farkas",Fungi
"Glaucomaria carpinea (L.) S. Y. Kondr., L. Lőkös et Farkas",Fungi
"Glaucomaria leptyrodes (Nyl.) S. Y. Kondr., L. Lőkös et Farkas",Fungi
"Glaucomaria subcarpinea (Szatala) S. Y. Kondr., L. Lőkös et Farkas",Fungi
"Glaucomaria sulphurea (Hoffm.) S. Y. Kondr., L. Lőkös et Farkas",Fungi
"Glaucomaria swartzii subsp. swartzii (Ach.) S. Y. Kondr., L. Lőkös et Farkas",Fungi
"Glaucomaria swartzii subsp. caulescens (J. Steiner) S. Y. Kondr., L. Lőkös et Farkas",Fungi
"Gowardiana nigricans (Ach.) Halonen, Myllys, Velmala et Hyvärinen",Fungi
Haematomma nemetzii J. Steiner,Fungi
Haematomma ochroleucum (Neck.) J. R. Laundon,Fungi
Hertelidea botryosa (Fr.) Printzen et Kantvilas,Fungi
Hypogymnia bitteri (Lynge) Ahti ,Fungi
Hypogymnia farinacea Zopf ,Fungi
Hypogymnia physodes (L.) Nyl.,Fungi
Hypogymnia tubulosa (Schaer.) Hav.,Fungi
Hypogymnia vittata (Ach.) Parrique,Fungi
Hypotrachyna britannica (D. Hawksw. et P. James) Coppins,Fungi
Hypotrachyna laevigata (Sm.) Hale ,Fungi
Hypotrachyna revoluta (Flörke) Hale,Fungi
Hypotrachyna sinuosa (Sm.) Hale,Fungi
Imshaugia aleurites (Ach.) S. F. Meyer,Fungi
Ivanpisutia ocelliformis (Nyl.) S. Y. Kondr.,Fungi
Japewia subaurifera Muhr et Tønsberg ,Fungi
Lecania alexandrae Tomin ,Fungi
Lecania aff. athrynoides Knowles ,Fungi
Lecania cuprea (A. Massal.) van der Boom et Coppins ,Fungi
Lecania cyrtella (Ach.) Th. Fr.,Fungi
Lecania ephedrae Elenk.,Fungi
Lecania fuscella (Schaer.) A. Massal.,Fungi
Lecania inundata (Hepp ex Körb.) M. Mayrhofer,Fungi
Lecania koerberiana Lahm ,Fungi
Lecania leprosa Reese Næsb. et Vondrák,Fungi
Lecania nylanderiana A. Massal.,Fungi
Lecania olivacella (Nyl.) Zahlbr. ,Fungi
Lecania polycycla (Anzi) Lettau ,Fungi
Lecania pruinosa f. congesta Mich.,Fungi
Lecania rabenhorstii (Hepp) Arnold ,Fungi
Lecania spadicea (Flotow) Zahlbr.,Fungi
Lecania suavis (Müll. Arg.) Mig. ,Fungi
Lecania subcaesia (Nyl.) B. de Lesd. ,Fungi
Lecania triseptata (Vain.) Zahlbr. ,Fungi
Lecania turicensis (Hepp) Müll. Arg. ,Fungi
Lecaniella cyrtellina (Nyl.) S. Y. Kondr.,Fungi
Lecaniella dubitans (Nyl.) S. Y. Kondr.,Fungi
Lecaniella erysibe (Ach.) S. Y. Kondr.,Fungi
Lecaniella naegelii (Hepp) S. Y. Kondr.,Fungi
Lecaniella prasinoides (Elenkin) S. Y. Kondr.,Fungi
Lecaniella sylvestris (Arnold) S. Y. Kondr.,Fungi
Lecanora albella (Pers.) Ach. ,Fungi
Lecanora albellula (Nyl.) Th. Fr.,Fungi
Lecanora allophana Nyl. ,Fungi
Lecanora alpigena (Ach.) Cl. Roux ,Fungi
Lecanora argentata (Ach.) Malme ,Fungi
Lecanora argopholis (Ach.) Ach.,Fungi
Lecanora atrosulphurea (Wahlenb.) Ach. ,Fungi
Lecanora caesiosora Poelt ,Fungi
Lecanora campestris (Schaer.) Hue ,Fungi
Lecanora cateilea (Ach.) A. Massal. ,Fungi
Lecanora cenisia Ach. ,Fungi
Lecanora chlarotera Nyl. ,Fungi
Lecanora chloropolia (Erichs.) Almb. ,Fungi
Lecanora cinereofusca H. Magn. ,Fungi
Lecanora circumborealis Brodo et Vitik. ,Fungi
Lecanora coilocarpa (Ach.) Nyl.,Fungi
Lecanora compallens van Herk et Aptroot ,Fungi
Lecanora crenulatissima Mereschk. ,Fungi
Lecanora czarnohorensis (Motyka) S. Y. Kondr. ,Fungi
Lecanora dispersella J. Steiner ,Fungi
Lecanora elenkinii Mereschk. ,Fungi
Lecanora epanora (Ach.) Ach. ,Fungi
Lecanora expallens Ach.,Fungi
Lecanora exspersa Nyl. ,Fungi
Lecanora farinaria Borrer ,Fungi
Lecanora frustulosa (Dicks.) Ach. ,Fungi
Lecanora fuscescens (Sommerf.) Nyl. ,Fungi
Lecanora gangaleoides Nyl. ,Fungi
Lecanora glabrata (Ach.) Malme ,Fungi
Lecanora hypoptoides (Nyl.) Nyl. ,Fungi
Lecanora impudens Degel. ,Fungi
Lecanora intricata (Ach.) Ach. ,Fungi
Lecanora intumescens (Rebent.) Rabenh. ,Fungi
Lecanora leopoliensis Motyka ,Fungi
Lecanora lithophila (Wallr.) Oxner ,Fungi
Lecanora lojkae Vain. ,Fungi
Lecanora ludwigii (Spreng.) Ach. ,Fungi
Lecanora marginata (Schaer.) Hertel et Rambold ,Fungi
Lecanora multispora Makar. ,Fungi
Lecanora nemoralis Makar. ,Fungi
Lecanora orlovii S. Y. Kondr. et L. Lőkös ,Fungi
Lecanora orosthea (Ach.) Ach. ,Fungi
Lecanora pannonica Szatala,Fungi
"Lecanora panticapensis Khodosovtsev, Naumovich, Elix et S. Y. Kondr.",Fungi
Lecanora phaeostigma (Körb.) Almb. ,Fungi
Lecanora polytropa (Ehrh. ex Hoffm.) Rabenh. ,Fungi
Lecanora praepostera Nyl. (as L. paepostera) ,Fungi
Lecanora pulicaris (Pers.) Ach. ,Fungi
Lecanora rouxii S. Ekman et Tønsberg ,Fungi
Lecanora rupicola (L.) Zahlbr. ,Fungi
"Lecanora stanislai Guzow-Krzem., Łubek, Malíček et Kukwa ",Fungi
Lecanora strobilina (Spreng.) Kieff. ,Fungi
Lecanora subcarnea (Lilj.) Ach. ,Fungi
Lecanora subintricata (Nyl.) Th. Fr. ,Fungi
Lecanora subplanata Nyl. ,Fungi
Lecanora subrugosa Nyl.,Fungi
Lecanora substerilis Malíček et Vondrák ,Fungi
Lecanora symmicta (Ach.) Ach. ,Fungi
Lecanora taurica Motyka,Fungi
Lecanora transcendens (Nyl.) Arnol,Fungi
Lecanora umbrina (Ach.) A. Massal.,Fungi
Lecanora umbrosa auct. brit. ,Fungi
Lecanora wasmuthii Mereschk.,Fungi
Lecanora xanthosora B. D. Ryan et Poelt ,Fungi
Lecanora xanthostoma Cl. Roux ex Fröberg,Fungi
"Lecanoropsis anopta (Nyl.) S. Y. Kondr., L. Lőkös et Farkas",Fungi
Lecidella anomaloides (A. Massal.) Hertel et Kilias,Fungi
Lecidella asema (Nyl.) Knoph et Hertel ,Fungi
Lecidella carpathica Körb.,Fungi
Lecidella elaeochroma (Ach.) Choisy ,Fungi
Lecidella flavosorediata (Vězda) Hertel et Leuckert,Fungi
Lecidella patavina (A. Massal.) Knoph et Leuckert ,Fungi
Lecidella pulveracea (Flörke ex Th. Fr.) Sydov ,Fungi
Lecidella scabra (Taylor) Hertel et Leuckert ,Fungi
Lecidella stigmatea (Ach.) Hertel et Leuckert ,Fungi
Lecidella subviridis Tønsberg ,Fungi
Lecidella viridans (Flot.) Körb.,Fungi
Lecidella wulfenii (Hepp) Körb. ,Fungi
Lepraria alpina (B. de Lesd.) Tretiach et Baruffo,Fungi
Lepraria borealis Loht. et Tønsberg ,Fungi
Lepraria caesioalba (B. de Lesd.) J. R. Laundon ,Fungi
Lepraria celata Slav.-Bayr. ,Fungi
Lepraria crasissima (Hue) Lettau ,Fungi
Lepraria diffusa (J. R. Laundon) Kukwa ,Fungi
Lepraria eburnea J. R. Laundon ,Fungi
Lepraria ecorticata (J. R. Laundon) Kukwa,Fungi
Lepraria elobata Tønsberg ,Fungi
Lepraria incana (L.) Ach. ,Fungi
Lepraria jackii Tønsberg ,Fungi
Lepraria lobificans Nyl.,Fungi
Lepraria membranacea (Dicks.) Vainio,Fungi
Lepraria nivalis J. R. Laundon ,Fungi
Lepraria rigidula (B. de Lesd.) Tønsberg ,Fungi
Lepraria vouauxii (Hue) R. C. Harris,Fungi
Letharia vulpina (L.) Hue,Fungi
Lethariella intricata (Moris) Krog,Fungi
Megalaria grossa (Pers. ex Nyl.) Hafellner ,Fungi
Megalaria intermixta (Nyl.) Kalb,Fungi
Megalaria laureri (Hepp ex Th. Fr.) Hafellner,Fungi
Megalaria pulverea (Borrer) Hafellner et E. Schreiner,Fungi
Melanelia commixta (Nyl.) Thell ,Fungi
Melanelia hepatizon (Ach.) Thell,Fungi
Melanelia panniformis (Nyl.) Essl.,Fungi
Melanelia stygia (L.) Essl.,Fungi
Melanelia subargentifera (Nyl.) Essl.,Fungi
Melanelia subaurifera (Nyl.) Essl.,Fungi
Melanelixia fuliginosa (Duby) Essl.,Fungi
Melanelixia glabra (Schaer.) O. Blanco et al.,Fungi
Melanelixia glabratula (Lamy) Sandler et Arup,Fungi
Melanohalea elegantula (Zahlbr.) O. Blanko et al. ,Fungi
Melanohalea exasperata (De Not.) O. Blanko et al. ,Fungi
Melanohalea exasperatula (Nyl.) O. Blanko et al. ,Fungi
Melanohalea infumata (Nyl.) O. Blanco et al. ,Fungi
Melanohalea laciniatula (Flagey ex H. Olivier) O. Blanko et al. ,Fungi
Melanohalea olivacea (L.) O. Blanko et al. ,Fungi
Melanohalea septentrionalis (Lynge) O. Blanko et al.,Fungi
Menegazzia subsimilis (H. Magn.) R. Sant.,Fungi
Menegazzia terebrata (Hoffm.) A. Massal.,Fungi
Micarea adnata Coppins,Fungi
Micarea anterior (Nyl.) Hedl.,Fungi
Micarea assimilata (Nyl.) Coppins ,Fungi
Micarea botryoides (Nyl.) Coppins ,Fungi
"Micarea byssacea (Th. Fr.) Czarnota, Guzow-Krzem. et Coppins",Fungi
Micarea cinerea (Schaer.) Hedl.,Fungi
Micarea crassipes (Th. Fr.) Coppins,Fungi
Micarea deminuta Coppins,Fungi
Micarea denigrata (Fr.) Hedl.,Fungi
Micarea globulosella (Nyl.) Coppins,Fungi
Micarea hedlungii Coppins,Fungi
Micarea incrassata Hedl.,Fungi
Micarea lignaria (Ach.) Hedl.,Fungi
Micarea lithinella (Nyl.) Hedl.,Fungi
Micarea marginata Coppins,Fungi
Micarea melaena (Nyl.) Hedl.,Fungi
Micarea melaeniza Hedl.,Fungi
Micarea melanobola (Nyl.) Coppins,Fungi
Micarea micrococca (Körb.) Gams ex Coppins,Fungi
Micarea misella (Nyl.) Hedl.,Fungi
Micarea nigella Coppins,Fungi
Micarea nitschkeana (J. Lahm. ex Rabenh.) Harm.,Fungi
Micarea peliocarpa (Anzi) Coppins et R. Sant. ,Fungi
Micarea perparvula (Nyl.) Coppins et Printzen,Fungi
Micarea prasina Fr.,Fungi
"Micarea soralifera Guzow-Krzem., Czarnota, Łubek et Kukwa",Fungi
Micarea subnigrata (Nyl.) Coppins et H. Kilias,Fungi
Micarea turfosa (A. Massal.) Du Rietz,Fungi
Micarea viridiatra Coppins,Fungi
Micarea viridileprosa Coppins et van den Boom,Fungi
Miriquidica complanata (Körb.) Hertel et Rambold,Fungi
Miriquidica garovaglii (Schaer.) Hertel et Rambold,Fungi
Miriquidica leucophaea (Flörke ex Rabenh.) Hertel et Rambold,Fungi
Miriquidica subplumbea (Anzi) Cl. Roux,Fungi
"Montanelia disjuncta (Erichsen) Divakar, A. Crespo, Wedin et Essl.",Fungi
"Montanelia sorediata (Ach.) Divakar, A. Crespo, Wedin et Essl.",Fungi
Mycoblastus affinis (Schaer.) Schauer ,Fungi
Mycoblastus sanguinarius (L.) Norman,Fungi
Myrionora globulosa (Flörke) S. Y. Kondr.,Fungi
Parmelia ernstiae Feurer et A. Thell ,Fungi
Parmelia farinosa L.,Fungi
Parmelia neglecta Asahina,Fungi
Parmelia omphalodes (L.) Ach.,Fungi
Parmelia saxatilis (L.) Ach.,Fungi
"Parmelia serrata A. Crespo, M. C. Molina et D. Hawksw. in Molina et al.",Fungi
Parmelia submontana Nádv. ex Hale,Fungi
Parmelia sulcata Taylor,Fungi
Parmelina carporrhizans (Taylor) Poelt et Vězda ,Fungi
Parmelina pastillifera (Harm.) Schub. et Klem.,Fungi
Parmelina quercina (Willd.) Hale,Fungi
Parmelina tiliacea (Hoffm.) Hale ,Fungi
Parmeliopsis afrorevoluta (Krog et Swinscow) Elix et Hale,Fungi
Parmeliopsis ambigua (Wulfen) Nyl.,Fungi
Parmeliopsis hyperopta (Ach.) Arnold,Fungi
Parmotrema arnoldii (Du Rietz) Hale,Fungi
Parmotrema crinitum (Ach.) Choisy ,Fungi
Parmotrema perlatum (Huds.) Choisy,Fungi
Parmotrema stuppeum (Taylor) Hale ,Fungi
Platismatia glauca (L.) W. L. Culb. et C. F. Culb.,Fungi
Pleurosticta acetabulum (Neck.) Elix et Lumbsch,Fungi
Pleurosticta koflerae (Clauzade et Poelt) Elix et Lumbsch,Fungi
"Polyozosia agardhiana (Ach.) S. Y. Kondr., L. Lőkös et Farkas",Fungi
"Polyozosia albescens (Hoffm.) S. Y. Kondr., L. Lőkös et Farkas",Fungi
"Polyozosia bandolensis (B. de Lesd.) S. Y. Kondr., L. Lőkös et Farkas",Fungi
"Polyozosia crenulata (Ach.) S. Y. Kondr., L. Lőkös et Farkas",Fungi
"Polyozosia dispersa (Pers.) S. Y. Kondr., L. Lőkös et Farkas",Fungi
"Polyozosia fugiens (Nyl.) S. Y. Kondr., L. Lőkös et Farkas",Fungi
"Polyozosia hagenii (Pers.) S. Y. Kondr., L. Lőkös et Farkas",Fungi
"Polyozosia perpruinosa Flöberg ex S. Y. Kondr., L. Lőkös et Farkas",Fungi
"Polyozosia persimilis (Th. Fr.) S. Y. Kondr., L. Lőkös et Farkas",Fungi
"Polyozosia populicola (DC.) S.Y. Kondr., L. Lőkös et Farkas",Fungi
"Polyozosia pruinosa (Chaub.) S.Y. Kondr., L. Lőkös et Farkas",Fungi
"Polyozosia reuteri (Schrad.) S.Y. Kondr., L. Lőkös et Farkas ",Fungi
"Polyozosia saligna (Schrad.) S.Y. Kondr., L. Lőkös et Farkas",Fungi
"Polyozosia sambuci (Pers.) S.Y. Kondr., L. Lőkös et Farkas ",Fungi
"Polyozosia semipallida (H. Magn.) S.Y. Kondr., L. Lőkös et Farkas",Fungi
Protoblastenia calva (Dicks.) Zahlbr.,Fungi
Protoblastenia incrustans (DC.) J. Steiner,Fungi
Protoblastenia rupestris (Scop.) J. Steiner,Fungi
Protoblastenia siebenhaariana (Körb.) J. Steiner,Fungi
Protoblastenia terricola (Anzi) Lynge,Fungi
Protomicarea limosa (Ach.) Hafellner,Fungi
Protoparmelia badia (Hoffm.) Hafellner,Fungi
Protoparmelia montagnei (Fr.) Sancho et A. Crespo,Fungi
Protoparmelia nephaea (Sommerf.) R. Sant,Fungi
"Protoparmelia ochrococca (Nyl.) P. M. Jørg., Rambold et Hertel ",Fungi
Protoparmelia oleagina (Harm.) Coppins,Fungi
Protoparmeliopsis acharianum (A. L. Sm.) Moberg et R. Sant.,Fungi
Protoparmeliopsis admontensis (Zahlbr.) Hafellner,Fungi
Protoparmeliopsis bolcanum (Pollich) S. Y. Kondr.,Fungi
Protoparmeliopsis configuratum (Zahlbr.) S. Y. Kondr.,Fungi
Protoparmeliopsis garovaglii (Körb.) S. Y. Kondr.,Fungi
Protoparmeliopsis laatokkensis (Räsänen) Moberg et R. Sant.,Fungi
Protoparmeliopsis macrocyclos (H. Magn.) S. Y. Kondr.,Fungi
Protoparmeliopsis muralis (Schreb.) M. Choisy ,Fungi
Protoparmeliopsis riparium (Flot.) S. Y. Kondr. ,Fungi
Pseudephebe pubescens (L.) Choisy,Fungi
Pseudevernia furfuracea (L.) Zopf,Fungi
Psilolechia clavulifera (Nyl.) Coppins,Fungi
Psilolechia lucida (Ach.) Choisy,Fungi
Psora decipiens (Hedw.) Hoffm.,Fungi
Psora saviczii (Tomin) Follmann et A. Crespo,Fungi
Psora testacea Hoffm.,Fungi
Punctelia jeckeri (Roum.) Kalb,Fungi
Punctelia subrudecta (Nyl.) Krog,Fungi
Punctelia ulophylla (Ach.) van Herk et Aptroot ,Fungi
Pycnothelia papillaria Dufour,Fungi
Pyrrhospora quernea (Dicks.) Körb.,Fungi
Ramalina baltica Lettau,Fungi
Ramalina breviuscula Nyl.,Fungi
Ramalina calicaris (L.) Fr.,Fungi
Ramalina canariensis Steiner,Fungi
Ramalina capitata (Ach.) Nyl.,Fungi
Ramalina carpatica Körb.,Fungi
Ramalina dilacerata (Hoffm.) Hoffm.,Fungi
Ramalina elegans (Bagl. et Car.) Stizenb.,Fungi
"Ramalina europaea Gasparyan, Sipman et Lücking",Fungi
Ramalina farinacea (L.) Ach.,Fungi
Ramalina fastigiata (Pers.) Ach.,Fungi
Ramalina fraxinea (L.) Ach. ,Fungi
Ramalina intermedia (Delise ex Nyl.) Nyl.,Fungi
Ramalina lacera (With.) J. R. Laundon,Fungi
Ramalina lojkana Mot.,Fungi
Ramalina obtusata (Arnold) Bitt.,Fungi
Ramalina pollinaria (Westr.) Ach.,Fungi
Ramalina polymorpha (Lilj.) Ach.,Fungi
Ramalina pontica Vězda,Fungi
Ramalina roesleri (Hochst. ex Schaer.) Hue,Fungi
Ramalina scoriseda Zahlbr.,Fungi
Ramalina subfarinacea (Cromb.) Nyl.,Fungi
Ramalina thrausta (Ach.) Nyl.,Fungi
Rhizoplaca melanophthalma (Ramond) Leuckert et Poelt,Fungi
Scoliciosporum chlorococcum (Stenh.) Vězda,Fungi
Scoliciosporum curvatum Sérus.,Fungi
Scoliciosporum gallurae Vězda et Poelt,Fungi
Scoliciosporum intrusum (Th. Fr.) Hafellner,Fungi
Scoliciosporum perpusillum (Lahm) Körb.,Fungi
Scoliciosporum sarothamnii (Vainio) Vězda,Fungi
Scoliciosporum schadeanum (Erichsen) Vězda,Fungi
Scoliciosporum umbrinum (Ach.) Arnold ,Fungi
Scoliciosporum umbrinum (Ach.) Arnold ,Fungi
Scutula epiblastematica (Wallr.) Rehm.,Fungi
Scutula tuberculosa (Th. Fr.) Rehm.,Fungi
Scutula miliaris (Wallr.) Trevis.,Fungi
Solenopsora candicans (Dicks.) J. Steiner,Fungi
Solenopsora cesatii (A. Massal.) Zahlbr.,Fungi
Solenopsora grisea (Bagl.) Kotlov,Fungi
Solenopsora marina (Zahlbr.) Zahlbr. ,Fungi
Sphaerophorus fragilis (L.) Pers.,Fungi
Sphaerophorus globosus (Huds.) Vainio,Fungi
Squamarina cartilaginea (With.) P. James,Fungi
Squamarina gypsacea (Sm.) Poelt,Fungi
Squamarina lamarckii (DC.) Poelt,Fungi
Squamarina lentigera (G. H. Weber) Poelt,Fungi
Squamarina periculosa (Duf.) Poelt,Fungi
Squamarina stella-petraea Poelt,Fungi
Stereocaulon condensatum Hoffm.,Fungi
Stereocaulon dactylophyllum Flörke,Fungi
Stereocaulon paschale (L.) Hoffm.,Fungi
Stereocaulon pileatum Ach.,Fungi
Stereocaulon plicatile (Leight.) Fryday et Coppins,Fungi
Stereocaulon tomentosum Th. Fr.,Fungi
Stereocaulon vesuvianum Pers. ,Fungi
"Straminella conizaeoides (Nyl. ex Crombie) S. Y. Kondr., L. Lőkös et Farkas ",Fungi
"Straminella varia (Hoffm.) S. Y. Kondr., L. Lőkös et Farkas",Fungi
"Thalloidima massatum (Tuck.) Kistenich, Timdal, Bendiksby et S. Ekman",Fungi
"Thalloidima sedifolium (Scop.) Kistenich, Timdal, Bendiksby et S. Ekman",Fungi
Toninia athallina (Hepp) Timdal,Fungi
Toninia candida (F. Weber) Th. Fr.,Fungi
Toninia cinereovirens (Schaer.) A. Massal.,Fungi
Toninia diffracta (A. Massal.) Zahlbr.,Fungi
Toninia episema (Nyl.) Timdal ,Fungi
Toninia opuntioides (Vill.) Timdal,Fungi
Toninia philippea (Mont.) Timdal ,Fungi
Toninia physaroides (Opis) Zahlbr.,Fungi
Toninia subfuscae (Arnold) Timdal ,Fungi
Toninia tabacina (A. Massal.) Flagey,Fungi
Toninia talparum Timdal,Fungi
Toninia taurica (Szat.) Oxner,Fungi
Toninia toniniana (A. Massal.) Zahlbr.,Fungi
"Toniniopsis aromatica (Sm.) Kistenich, Timdal, Bendiksby et S. Ekman",Fungi
Toniniopsis mesoidea (Nyl.) Timdal,Fungi
Tuckermannopsis chlorophylla (Willd. in Humb.) Hale,Fungi
Tuckermannopsis ciliaris (Ach.) Gyeln.,Fungi
Tuckermannopsis sepincola (Ehrh.) Hale,Fungi
Tuckeraria laureri (Krempelh.) Randlane et A. Thell,Fungi
Usnea aciculifera Vain.,Fungi
Usnea articulata (L.) Hoffm.,Fungi
Usnea barbata (L.) F. H. Wigg. em. Motyka,Fungi
Usnea capillaris Mot.,Fungi
Usnea carpatica Motyka,Fungi
Usnea caucasica Vainio,Fungi
Usnea cavernosa Agassiz ,Fungi
Usnea ceratina Ach.,Fungi
Usnea chaetophora Stirt.,Fungi
Usnea cinchonarum (Fée) Vainio,Fungi
Usnea diplotypa Vain.,Fungi
Usnea dolosa Motyka,Fungi
Usnea dubia Motyka,Fungi
Usnea faginea Motyka,Fungi
Usnea filipendula Stirt. ,Fungi
Usnea florida (L.) F. C. Weber ex F. H. Wigg.,Fungi
Usnea fulvoreagens (Räsänen) Räsänen,Fungi
Usnea glabrata (Ach.) Vainio,Fungi
Usnea glabrescens (Nyl. ex Vainio) Vainio,Fungi
Usnea glauca Motyka,Fungi
Usnea hirta (L.) F. C. Weber ex F. H. Wigg.,Fungi
Usnea lapponica Vainio,Fungi
Usnea maxima Mot.,Fungi
Usnea mollis Stirt.,Fungi
Usnea motykana Bystr. et Wójciak ,Fungi
Usnea pendulina Motyka ,Fungi
Usnea perplectans Stirt.,Fungi
Usnea plicata (L.) F. H. Wigg. em. Motyka,Fungi
Usnea prostrata Vainio ex. Räsänen,Fungi
Usnea rigida (Ach.) Motyka,Fungi
Usnea rugulosa Vainio,Fungi
Usnea scabrata Nyl.,Fungi
Usnea scrobiculata Motyka,Fungi
Usnea silesiaca Motyka,Fungi
Usnea subfloridana Stirt.,Fungi
Usnea sublaxa Vainio in Norrlin et Nyl.,Fungi
Usnea substerilis Motyka,Fungi
Usnea syriaca Motyka ,Fungi
Usnea wasmuthii Räsänen,Fungi
"Verseghya thysanophora (R. C. Harris) S. Y. Kondr., L. Lőkös, Farkas et J.-S. Hur",Fungi
Violella fucata (Stirt.) T. Sprib.,Fungi
Vulpicida pinastri (Scop.) J.-E. Mattsson et M.-J. Lai,Fungi
Xanthoparmelia conspersa (Ehrh. ex Ach.) Hale,Fungi
Xanthoparmelia convoluta (Kremp.) Hale,Fungi
"Xanthoparmelia delisei (Duby) O. Blanco, A. Crespo, Elix, D. Hawksw. et Lumbsch ",Fungi
Xanthoparmelia desertorum (Elenkin) Hale,Fungi
"Xanthoparmelia loxodes (Nyl.) O. Blanco, A. Crespo, Elix, D. Hawksw. et Lumbsch",Fungi
Xanthoparmelia mougeotii (Schaer. ex D. Dietr.) Hale,Fungi
"Xanthoparmelia pokornyi (Körb.) O. Blanko, A. Crespo, Elix, D. Hawksw. et Lumbsch",Fungi
Xanthoparmelia protomatrae (Gyeln.) Hale,Fungi
Xanthoparmelia pulla (Ach.) O. Blanco et al.,Fungi
Xanthoparmelia pulvinaris (Gyeln.) Ahti et D. Hawskw.,Fungi
"Xanthoparmelia ryssolea (Ach.) O. Blanco, A. Crespo, Elix, D. Hawksw. et Lumbsch",Fungi
Xanthoparmelia somloensis (Gyeln.) Hale,Fungi
Xanthoparmelia subdiffluens Hale,Fungi
Xanthoparmelia taurica (Mereschk.) S. Y. Kondr.,Fungi
Xanthoparmelia tinctina (Macheu et Gillet) Hale,Fungi
"Xanthoparmelia verruculifera (Nyl.) O. Blanco, A. Crespo, Elix, D. Hawksw. et Lumbsch",Fungi
